point_id,x,y,z
1,-0.000535055,-0.0153449,0.000294494
2,-0.000529055,-0.0153449,0.000294494
3,-0.000535055,-0.0153389,0.000294494
4,-0.000529055,-0.0153389,0.000294494
5,-0.000535055,-0.0153449,0.000300494
6,-0.000529055,-0.0153449,0.000300494
7,-0.000535055,-0.0153389,0.000300494
8,-0.000529055,-0.0153389,0.000300494
9,-0.000535055,-0.0153449,0.000300494
10,-0.000529055,-0.0153449,0.000300494
11,-0.000535055,-0.0153389,0.000300494
12,-0.000529055,-0.0153389,0.000300494
13,-0.000535055,-0.0153449,0.000306494
14,-0.000529055,-0.0153449,0.000306494
15,-0.000535055,-0.0153389,0.000306494
16,-0.000529055,-0.0153389,0.000306494
17,-0.000535055,-0.0153449,0.000306494
18,-0.000529055,-0.0153449,0.000306494
19,-0.000535055,-0.0153389,0.000306494
20,-0.000529055,-0.0153389,0.000306494
21,-0.000535055,-0.0153449,0.000312494
22,-0.000529055,-0.0153449,0.000312494
23,-0.000535055,-0.0153389,0.000312494
24,-0.000529055,-0.0153389,0.000312494
25,-0.000535055,-0.0153389,0.000294494
26,-0.000529055,-0.0153389,0.000294494
27,-0.000535055,-0.0153329,0.000294494
28,-0.000529055,-0.0153329,0.000294494
29,-0.000535055,-0.0153389,0.000300494
30,-0.000529055,-0.0153389,0.000300494
31,-0.000535055,-0.0153329,0.000300494
32,-0.000529055,-0.0153329,0.000300494
33,-0.000535055,-0.0153389,0.000300494
34,-0.000529055,-0.0153389,0.000300494
35,-0.000535055,-0.0153329,0.000300494
36,-0.000529055,-0.0153329,0.000300494
37,-0.000535055,-0.0153389,0.000306494
38,-0.000529055,-0.0153389,0.000306494
39,-0.000535055,-0.0153329,0.000306494
40,-0.000529055,-0.0153329,0.000306494
41,-0.000535055,-0.0153389,0.000306494
42,-0.000529055,-0.0153389,0.000306494
43,-0.000535055,-0.0153329,0.000306494
44,-0.000529055,-0.0153329,0.000306494
45,-0.000535055,-0.0153389,0.000312494
46,-0.000529055,-0.0153389,0.000312494
47,-0.000535055,-0.0153329,0.000312494
48,-0.000529055,-0.0153329,0.000312494
49,-0.000535055,-0.0153389,0.000312494
50,-0.000529055,-0.0153389,0.000312494
51,-0.000535055,-0.0153329,0.000312494
52,-0.000529055,-0.0153329,0.000312494
53,-0.000535055,-0.0153389,0.000318494
54,-0.000529055,-0.0153389,0.000318494
55,-0.000535055,-0.0153329,0.000318494
56,-0.000529055,-0.0153329,0.000318494
57,-0.000535055,-0.0153389,0.000318494
58,-0.000529055,-0.0153389,0.000318494
59,-0.000535055,-0.0153329,0.000318494
60,-0.000529055,-0.0153329,0.000318494
61,-0.000535055,-0.0153389,0.000324494
62,-0.000529055,-0.0153389,0.000324494
63,-0.000535055,-0.0153329,0.000324494
64,-0.000529055,-0.0153329,0.000324494
65,-0.000535055,-0.0153389,0.000324494
66,-0.000529055,-0.0153389,0.000324494
67,-0.000535055,-0.0153329,0.000324494
68,-0.000529055,-0.0153329,0.000324494
69,-0.000535055,-0.0153389,0.00032755
70,-0.000529055,-0.0153389,0.00032755
71,-0.000535055,-0.0153329,0.00032755
72,-0.000529055,-0.0153329,0.00032755
73,-0.000535055,-0.0153329,0.000300494
74,-0.000529055,-0.0153329,0.000300494
75,-0.000535055,-0.0153269,0.000300494
76,-0.000529055,-0.0153269,0.000300494
77,-0.000535055,-0.0153329,0.000306494
78,-0.000529055,-0.0153329,0.000306494
79,-0.000535055,-0.0153269,0.000306494
80,-0.000529055,-0.0153269,0.000306494
81,-0.000535055,-0.0153329,0.000306494
82,-0.000529055,-0.0153329,0.000306494
83,-0.000535055,-0.0153269,0.000306494
84,-0.000529055,-0.0153269,0.000306494
85,-0.000535055,-0.0153329,0.000312494
86,-0.000529055,-0.0153329,0.000312494
87,-0.000535055,-0.0153269,0.000312494
88,-0.000529055,-0.0153269,0.000312494
89,-0.000535055,-0.0153329,0.000312494
90,-0.000529055,-0.0153329,0.000312494
91,-0.000535055,-0.0153269,0.000312494
92,-0.000529055,-0.0153269,0.000312494
93,-0.000535055,-0.0153329,0.000318494
94,-0.000529055,-0.0153329,0.000318494
95,-0.000535055,-0.0153269,0.000318494
96,-0.000529055,-0.0153269,0.000318494
97,-0.000535055,-0.0153329,0.000318494
98,-0.000529055,-0.0153329,0.000318494
99,-0.000535055,-0.0153269,0.000318494
100,-0.000529055,-0.0153269,0.000318494
101,-0.000535055,-0.0153329,0.000324494
102,-0.000529055,-0.0153329,0.000324494
103,-0.000535055,-0.0153269,0.000324494
104,-0.000529055,-0.0153269,0.000324494
105,-0.000535055,-0.0153329,0.000324494
106,-0.000529055,-0.0153329,0.000324494
107,-0.000535055,-0.0153269,0.000324494
108,-0.000529055,-0.0153269,0.000324494
109,-0.000535055,-0.0153329,0.00032755
110,-0.000529055,-0.0153329,0.00032755
111,-0.000535055,-0.0153269,0.00032755
112,-0.000529055,-0.0153269,0.00032755
113,-0.000535055,-0.0153269,0.000300494
114,-0.000529055,-0.0153269,0.000300494
115,-0.000535055,-0.0153209,0.000300494
116,-0.000529055,-0.0153209,0.000300494
117,-0.000535055,-0.0153269,0.000306494
118,-0.000529055,-0.0153269,0.000306494
119,-0.000535055,-0.0153209,0.000306494
120,-0.000529055,-0.0153209,0.000306494
121,-0.000535055,-0.0153269,0.000306494
122,-0.000529055,-0.0153269,0.000306494
123,-0.000535055,-0.0153209,0.000306494
124,-0.000529055,-0.0153209,0.000306494
125,-0.000535055,-0.0153269,0.000312494
126,-0.000529055,-0.0153269,0.000312494
127,-0.000535055,-0.0153209,0.000312494
128,-0.000529055,-0.0153209,0.000312494
129,-0.000535055,-0.0153269,0.000312494
130,-0.000529055,-0.0153269,0.000312494
131,-0.000535055,-0.0153209,0.000312494
132,-0.000529055,-0.0153209,0.000312494
133,-0.000535055,-0.0153269,0.000318494
134,-0.000529055,-0.0153269,0.000318494
135,-0.000535055,-0.0153209,0.000318494
136,-0.000529055,-0.0153209,0.000318494
137,-0.000535055,-0.0153269,0.000318494
138,-0.000529055,-0.0153269,0.000318494
139,-0.000535055,-0.0153209,0.000318494
140,-0.000529055,-0.0153209,0.000318494
141,-0.000535055,-0.0153269,0.000324494
142,-0.000529055,-0.0153269,0.000324494
143,-0.000535055,-0.0153209,0.000324494
144,-0.000529055,-0.0153209,0.000324494
145,-0.000529055,-0.0153449,0.000294494
146,-0.000523055,-0.0153449,0.000294494
147,-0.000529055,-0.0153389,0.000294494
148,-0.000523055,-0.0153389,0.000294494
149,-0.000529055,-0.0153449,0.000300494
150,-0.000523055,-0.0153449,0.000300494
151,-0.000529055,-0.0153389,0.000300494
152,-0.000523055,-0.0153389,0.000300494
153,-0.000529055,-0.0153449,0.000300494
154,-0.000523055,-0.0153449,0.000300494
155,-0.000529055,-0.0153389,0.000300494
156,-0.000523055,-0.0153389,0.000300494
157,-0.000529055,-0.0153449,0.000306494
158,-0.000523055,-0.0153449,0.000306494
159,-0.000529055,-0.0153389,0.000306494
160,-0.000523055,-0.0153389,0.000306494
161,-0.000529055,-0.0153449,0.000306494
162,-0.000523055,-0.0153449,0.000306494
163,-0.000529055,-0.0153389,0.000306494
164,-0.000523055,-0.0153389,0.000306494
165,-0.000529055,-0.0153449,0.000312494
166,-0.000523055,-0.0153449,0.000312494
167,-0.000529055,-0.0153389,0.000312494
168,-0.000523055,-0.0153389,0.000312494
169,-0.000529055,-0.0153449,0.000312494
170,-0.000523055,-0.0153449,0.000312494
171,-0.000529055,-0.0153389,0.000312494
172,-0.000523055,-0.0153389,0.000312494
173,-0.000529055,-0.0153449,0.000318494
174,-0.000523055,-0.0153449,0.000318494
175,-0.000529055,-0.0153389,0.000318494
176,-0.000523055,-0.0153389,0.000318494
177,-0.000529055,-0.0153449,0.000318494
178,-0.000523055,-0.0153449,0.000318494
179,-0.000529055,-0.0153389,0.000318494
180,-0.000523055,-0.0153389,0.000318494
181,-0.000529055,-0.0153449,0.000324494
182,-0.000523055,-0.0153449,0.000324494
183,-0.000529055,-0.0153389,0.000324494
184,-0.000523055,-0.0153389,0.000324494
185,-0.000529055,-0.0153389,0.000294494
186,-0.000523055,-0.0153389,0.000294494
187,-0.000529055,-0.0153329,0.000294494
188,-0.000523055,-0.0153329,0.000294494
189,-0.000529055,-0.0153389,0.000300494
190,-0.000523055,-0.0153389,0.000300494
191,-0.000529055,-0.0153329,0.000300494
192,-0.000523055,-0.0153329,0.000300494
193,-0.000529055,-0.0153389,0.000300494
194,-0.000523055,-0.0153389,0.000300494
195,-0.000529055,-0.0153329,0.000300494
196,-0.000523055,-0.0153329,0.000300494
197,-0.000529055,-0.0153389,0.000306494
198,-0.000523055,-0.0153389,0.000306494
199,-0.000529055,-0.0153329,0.000306494
200,-0.000523055,-0.0153329,0.000306494
201,-0.000529055,-0.0153389,0.000306494
202,-0.000523055,-0.0153389,0.000306494
203,-0.000529055,-0.0153329,0.000306494
204,-0.000523055,-0.0153329,0.000306494
205,-0.000529055,-0.0153389,0.000312494
206,-0.000523055,-0.0153389,0.000312494
207,-0.000529055,-0.0153329,0.000312494
208,-0.000523055,-0.0153329,0.000312494
209,-0.000529055,-0.0153389,0.000312494
210,-0.000523055,-0.0153389,0.000312494
211,-0.000529055,-0.0153329,0.000312494
212,-0.000523055,-0.0153329,0.000312494
213,-0.000529055,-0.0153389,0.000318494
214,-0.000523055,-0.0153389,0.000318494
215,-0.000529055,-0.0153329,0.000318494
216,-0.000523055,-0.0153329,0.000318494
217,-0.000529055,-0.0153389,0.000318494
218,-0.000523055,-0.0153389,0.000318494
219,-0.000529055,-0.0153329,0.000318494
220,-0.000523055,-0.0153329,0.000318494
221,-0.000529055,-0.0153389,0.000324494
222,-0.000523055,-0.0153389,0.000324494
223,-0.000529055,-0.0153329,0.000324494
224,-0.000523055,-0.0153329,0.000324494
225,-0.000529055,-0.0153389,0.000324494
226,-0.000523055,-0.0153389,0.000324494
227,-0.000529055,-0.0153329,0.000324494
228,-0.000523055,-0.0153329,0.000324494
229,-0.000529055,-0.0153389,0.00032755
230,-0.000523055,-0.0153389,0.00032755
231,-0.000529055,-0.0153329,0.00032755
232,-0.000523055,-0.0153329,0.00032755
233,-0.000529055,-0.0153329,0.000294494
234,-0.000523055,-0.0153329,0.000294494
235,-0.000529055,-0.0153269,0.000294494
236,-0.000523055,-0.0153269,0.000294494
237,-0.000529055,-0.0153329,0.000300494
238,-0.000523055,-0.0153329,0.000300494
239,-0.000529055,-0.0153269,0.000300494
240,-0.000523055,-0.0153269,0.000300494
241,-0.000529055,-0.0153329,0.000300494
242,-0.000523055,-0.0153329,0.000300494
243,-0.000529055,-0.0153269,0.000300494
244,-0.000523055,-0.0153269,0.000300494
245,-0.000529055,-0.0153329,0.000306494
246,-0.000523055,-0.0153329,0.000306494
247,-0.000529055,-0.0153269,0.000306494
248,-0.000523055,-0.0153269,0.000306494
249,-0.000529055,-0.0153329,0.000306494
250,-0.000523055,-0.0153329,0.000306494
251,-0.000529055,-0.0153269,0.000306494
252,-0.000523055,-0.0153269,0.000306494
253,-0.000529055,-0.0153329,0.000312494
254,-0.000523055,-0.0153329,0.000312494
255,-0.000529055,-0.0153269,0.000312494
256,-0.000523055,-0.0153269,0.000312494
257,-0.000529055,-0.0153329,0.000312494
258,-0.000523055,-0.0153329,0.000312494
259,-0.000529055,-0.0153269,0.000312494
260,-0.000523055,-0.0153269,0.000312494
261,-0.000529055,-0.0153329,0.000318494
262,-0.000523055,-0.0153329,0.000318494
263,-0.000529055,-0.0153269,0.000318494
264,-0.000523055,-0.0153269,0.000318494
265,-0.000529055,-0.0153329,0.000318494
266,-0.000523055,-0.0153329,0.000318494
267,-0.000529055,-0.0153269,0.000318494
268,-0.000523055,-0.0153269,0.000318494
269,-0.000529055,-0.0153329,0.000324494
270,-0.000523055,-0.0153329,0.000324494
271,-0.000529055,-0.0153269,0.000324494
272,-0.000523055,-0.0153269,0.000324494
273,-0.000529055,-0.0153329,0.000324494
274,-0.000523055,-0.0153329,0.000324494
275,-0.000529055,-0.0153269,0.000324494
276,-0.000523055,-0.0153269,0.000324494
277,-0.000529055,-0.0153329,0.00032755
278,-0.000523055,-0.0153329,0.00032755
279,-0.000529055,-0.0153269,0.00032755
280,-0.000523055,-0.0153269,0.00032755
281,-0.000529055,-0.0153269,0.000294494
282,-0.000523055,-0.0153269,0.000294494
283,-0.000529055,-0.0153209,0.000294494
284,-0.000523055,-0.0153209,0.000294494
285,-0.000529055,-0.0153269,0.000300494
286,-0.000523055,-0.0153269,0.000300494
287,-0.000529055,-0.0153209,0.000300494
288,-0.000523055,-0.0153209,0.000300494
289,-0.000529055,-0.0153269,0.000300494
290,-0.000523055,-0.0153269,0.000300494
291,-0.000529055,-0.0153209,0.000300494
292,-0.000523055,-0.0153209,0.000300494
293,-0.000529055,-0.0153269,0.000306494
294,-0.000523055,-0.0153269,0.000306494
295,-0.000529055,-0.0153209,0.000306494
296,-0.000523055,-0.0153209,0.000306494
297,-0.000529055,-0.0153269,0.000306494
298,-0.000523055,-0.0153269,0.000306494
299,-0.000529055,-0.0153209,0.000306494
300,-0.000523055,-0.0153209,0.000306494
301,-0.000529055,-0.0153269,0.000312494
302,-0.000523055,-0.0153269,0.000312494
303,-0.000529055,-0.0153209,0.000312494
304,-0.000523055,-0.0153209,0.000312494
305,-0.000529055,-0.0153269,0.000312494
306,-0.000523055,-0.0153269,0.000312494
307,-0.000529055,-0.0153209,0.000312494
308,-0.000523055,-0.0153209,0.000312494
309,-0.000529055,-0.0153269,0.000318494
310,-0.000523055,-0.0153269,0.000318494
311,-0.000529055,-0.0153209,0.000318494
312,-0.000523055,-0.0153209,0.000318494
313,-0.000529055,-0.0153269,0.000318494
314,-0.000523055,-0.0153269,0.000318494
315,-0.000529055,-0.0153209,0.000318494
316,-0.000523055,-0.0153209,0.000318494
317,-0.000529055,-0.0153269,0.000324494
318,-0.000523055,-0.0153269,0.000324494
319,-0.000529055,-0.0153209,0.000324494
320,-0.000523055,-0.0153209,0.000324494
321,-0.000529055,-0.0153269,0.000324494
322,-0.000523055,-0.0153269,0.000324494
323,-0.000529055,-0.0153209,0.000324494
324,-0.000523055,-0.0153209,0.000324494
325,-0.000529055,-0.0153269,0.00032755
326,-0.000523055,-0.0153269,0.00032755
327,-0.000529055,-0.0153209,0.00032755
328,-0.000523055,-0.0153209,0.00032755
329,-0.000529055,-0.0153209,0.000294494
330,-0.000523055,-0.0153209,0.000294494
331,-0.000529055,-0.0153169,0.000294494
332,-0.000523055,-0.0153169,0.000294494
333,-0.000529055,-0.0153209,0.000300494
334,-0.000523055,-0.0153209,0.000300494
335,-0.000529055,-0.0153169,0.000300494
336,-0.000523055,-0.0153169,0.000300494
337,-0.000529055,-0.0153209,0.000300494
338,-0.000523055,-0.0153209,0.000300494
339,-0.000529055,-0.0153169,0.000300494
340,-0.000523055,-0.0153169,0.000300494
341,-0.000529055,-0.0153209,0.000306494
342,-0.000523055,-0.0153209,0.000306494
343,-0.000529055,-0.0153169,0.000306494
344,-0.000523055,-0.0153169,0.000306494
345,-0.000529055,-0.0153209,0.000306494
346,-0.000523055,-0.0153209,0.000306494
347,-0.000529055,-0.0153169,0.000306494
348,-0.000523055,-0.0153169,0.000306494
349,-0.000529055,-0.0153209,0.000312494
350,-0.000523055,-0.0153209,0.000312494
351,-0.000529055,-0.0153169,0.000312494
352,-0.000523055,-0.0153169,0.000312494
353,-0.000529055,-0.0153209,0.000312494
354,-0.000523055,-0.0153209,0.000312494
355,-0.000529055,-0.0153169,0.000312494
356,-0.000523055,-0.0153169,0.000312494
357,-0.000529055,-0.0153209,0.000318494
358,-0.000523055,-0.0153209,0.000318494
359,-0.000529055,-0.0153169,0.000318494
360,-0.000523055,-0.0153169,0.000318494
361,-0.000523055,-0.0153449,0.000294494
362,-0.000517055,-0.0153449,0.000294494
363,-0.000523055,-0.0153389,0.000294494
364,-0.000517055,-0.0153389,0.000294494
365,-0.000523055,-0.0153449,0.000300494
366,-0.000517055,-0.0153449,0.000300494
367,-0.000523055,-0.0153389,0.000300494
368,-0.000517055,-0.0153389,0.000300494
369,-0.000523055,-0.0153449,0.000300494
370,-0.000517055,-0.0153449,0.000300494
371,-0.000523055,-0.0153389,0.000300494
372,-0.000517055,-0.0153389,0.000300494
373,-0.000523055,-0.0153449,0.000306494
374,-0.000517055,-0.0153449,0.000306494
375,-0.000523055,-0.0153389,0.000306494
376,-0.000517055,-0.0153389,0.000306494
377,-0.000523055,-0.0153449,0.000306494
378,-0.000517055,-0.0153449,0.000306494
379,-0.000523055,-0.0153389,0.000306494
380,-0.000517055,-0.0153389,0.000306494
381,-0.000523055,-0.0153449,0.000312494
382,-0.000517055,-0.0153449,0.000312494
383,-0.000523055,-0.0153389,0.000312494
384,-0.000517055,-0.0153389,0.000312494
385,-0.000523055,-0.0153449,0.000312494
386,-0.000517055,-0.0153449,0.000312494
387,-0.000523055,-0.0153389,0.000312494
388,-0.000517055,-0.0153389,0.000312494
389,-0.000523055,-0.0153449,0.000318494
390,-0.000517055,-0.0153449,0.000318494
391,-0.000523055,-0.0153389,0.000318494
392,-0.000517055,-0.0153389,0.000318494
393,-0.000523055,-0.0153449,0.000318494
394,-0.000517055,-0.0153449,0.000318494
395,-0.000523055,-0.0153389,0.000318494
396,-0.000517055,-0.0153389,0.000318494
397,-0.000523055,-0.0153449,0.000324494
398,-0.000517055,-0.0153449,0.000324494
399,-0.000523055,-0.0153389,0.000324494
400,-0.000517055,-0.0153389,0.000324494
401,-0.000523055,-0.0153389,0.000294494
402,-0.000517055,-0.0153389,0.000294494
403,-0.000523055,-0.0153329,0.000294494
404,-0.000517055,-0.0153329,0.000294494
405,-0.000523055,-0.0153389,0.000300494
406,-0.000517055,-0.0153389,0.000300494
407,-0.000523055,-0.0153329,0.000300494
408,-0.000517055,-0.0153329,0.000300494
409,-0.000523055,-0.0153389,0.000300494
410,-0.000517055,-0.0153389,0.000300494
411,-0.000523055,-0.0153329,0.000300494
412,-0.000517055,-0.0153329,0.000300494
413,-0.000523055,-0.0153389,0.000306494
414,-0.000517055,-0.0153389,0.000306494
415,-0.000523055,-0.0153329,0.000306494
416,-0.000517055,-0.0153329,0.000306494
417,-0.000523055,-0.0153389,0.000306494
418,-0.000517055,-0.0153389,0.000306494
419,-0.000523055,-0.0153329,0.000306494
420,-0.000517055,-0.0153329,0.000306494
421,-0.000523055,-0.0153389,0.000312494
422,-0.000517055,-0.0153389,0.000312494
423,-0.000523055,-0.0153329,0.000312494
424,-0.000517055,-0.0153329,0.000312494
425,-0.000523055,-0.0153389,0.000312494
426,-0.000517055,-0.0153389,0.000312494
427,-0.000523055,-0.0153329,0.000312494
428,-0.000517055,-0.0153329,0.000312494
429,-0.000523055,-0.0153389,0.000318494
430,-0.000517055,-0.0153389,0.000318494
431,-0.000523055,-0.0153329,0.000318494
432,-0.000517055,-0.0153329,0.000318494
433,-0.000523055,-0.0153389,0.000318494
434,-0.000517055,-0.0153389,0.000318494
435,-0.000523055,-0.0153329,0.000318494
436,-0.000517055,-0.0153329,0.000318494
437,-0.000523055,-0.0153389,0.000324494
438,-0.000517055,-0.0153389,0.000324494
439,-0.000523055,-0.0153329,0.000324494
440,-0.000517055,-0.0153329,0.000324494
441,-0.000523055,-0.0153389,0.000324494
442,-0.000517055,-0.0153389,0.000324494
443,-0.000523055,-0.0153329,0.000324494
444,-0.000517055,-0.0153329,0.000324494
445,-0.000523055,-0.0153389,0.00032755
446,-0.000517055,-0.0153389,0.00032755
447,-0.000523055,-0.0153329,0.00032755
448,-0.000517055,-0.0153329,0.00032755
449,-0.000523055,-0.0153329,0.000294494
450,-0.000517055,-0.0153329,0.000294494
451,-0.000523055,-0.0153269,0.000294494
452,-0.000517055,-0.0153269,0.000294494
453,-0.000523055,-0.0153329,0.000300494
454,-0.000517055,-0.0153329,0.000300494
455,-0.000523055,-0.0153269,0.000300494
456,-0.000517055,-0.0153269,0.000300494
457,-0.000523055,-0.0153329,0.000300494
458,-0.000517055,-0.0153329,0.000300494
459,-0.000523055,-0.0153269,0.000300494
460,-0.000517055,-0.0153269,0.000300494
461,-0.000523055,-0.0153329,0.000306494
462,-0.000517055,-0.0153329,0.000306494
463,-0.000523055,-0.0153269,0.000306494
464,-0.000517055,-0.0153269,0.000306494
465,-0.000523055,-0.0153329,0.000306494
466,-0.000517055,-0.0153329,0.000306494
467,-0.000523055,-0.0153269,0.000306494
468,-0.000517055,-0.0153269,0.000306494
469,-0.000523055,-0.0153329,0.000312494
470,-0.000517055,-0.0153329,0.000312494
471,-0.000523055,-0.0153269,0.000312494
472,-0.000517055,-0.0153269,0.000312494
473,-0.000523055,-0.0153329,0.000318494
474,-0.000517055,-0.0153329,0.000318494
475,-0.000523055,-0.0153269,0.000318494
476,-0.000517055,-0.0153269,0.000318494
477,-0.000523055,-0.0153329,0.000324494
478,-0.000517055,-0.0153329,0.000324494
479,-0.000523055,-0.0153269,0.000324494
480,-0.000517055,-0.0153269,0.000324494
481,-0.000523055,-0.0153329,0.000324494
482,-0.000517055,-0.0153329,0.000324494
483,-0.000523055,-0.0153269,0.000324494
484,-0.000517055,-0.0153269,0.000324494
485,-0.000523055,-0.0153329,0.00032755
486,-0.000517055,-0.0153329,0.00032755
487,-0.000523055,-0.0153269,0.00032755
488,-0.000517055,-0.0153269,0.00032755
489,-0.000523055,-0.0153269,0.000294494
490,-0.000517055,-0.0153269,0.000294494
491,-0.000523055,-0.0153209,0.000294494
492,-0.000517055,-0.0153209,0.000294494
493,-0.000523055,-0.0153269,0.000300494
494,-0.000517055,-0.0153269,0.000300494
495,-0.000523055,-0.0153209,0.000300494
496,-0.000517055,-0.0153209,0.000300494
497,-0.000523055,-0.0153269,0.000300494
498,-0.000517055,-0.0153269,0.000300494
499,-0.000523055,-0.0153209,0.000300494
500,-0.000517055,-0.0153209,0.000300494
501,-0.000523055,-0.0153269,0.000306494
502,-0.000517055,-0.0153269,0.000306494
503,-0.000523055,-0.0153209,0.000306494
504,-0.000517055,-0.0153209,0.000306494
505,-0.000523055,-0.0153269,0.000306494
506,-0.000517055,-0.0153269,0.000306494
507,-0.000523055,-0.0153209,0.000306494
508,-0.000517055,-0.0153209,0.000306494
509,-0.000523055,-0.0153269,0.000312494
510,-0.000517055,-0.0153269,0.000312494
511,-0.000523055,-0.0153209,0.000312494
512,-0.000517055,-0.0153209,0.000312494
513,-0.000523055,-0.0153269,0.000312494
514,-0.000517055,-0.0153269,0.000312494
515,-0.000523055,-0.0153209,0.000312494
516,-0.000517055,-0.0153209,0.000312494
517,-0.000523055,-0.0153269,0.000318494
518,-0.000517055,-0.0153269,0.000318494
519,-0.000523055,-0.0153209,0.000318494
520,-0.000517055,-0.0153209,0.000318494
521,-0.000523055,-0.0153269,0.000318494
522,-0.000517055,-0.0153269,0.000318494
523,-0.000523055,-0.0153209,0.000318494
524,-0.000517055,-0.0153209,0.000318494
525,-0.000523055,-0.0153269,0.000324494
526,-0.000517055,-0.0153269,0.000324494
527,-0.000523055,-0.0153209,0.000324494
528,-0.000517055,-0.0153209,0.000324494
529,-0.000523055,-0.0153269,0.000324494
530,-0.000517055,-0.0153269,0.000324494
531,-0.000523055,-0.0153209,0.000324494
532,-0.000517055,-0.0153209,0.000324494
533,-0.000523055,-0.0153269,0.00032755
534,-0.000517055,-0.0153269,0.00032755
535,-0.000523055,-0.0153209,0.00032755
536,-0.000517055,-0.0153209,0.00032755
537,-0.000523055,-0.0153209,0.000294494
538,-0.000517055,-0.0153209,0.000294494
539,-0.000523055,-0.0153169,0.000294494
540,-0.000517055,-0.0153169,0.000294494
541,-0.000523055,-0.0153209,0.000300494
542,-0.000517055,-0.0153209,0.000300494
543,-0.000523055,-0.0153169,0.000300494
544,-0.000517055,-0.0153169,0.000300494
545,-0.000523055,-0.0153209,0.000300494
546,-0.000517055,-0.0153209,0.000300494
547,-0.000523055,-0.0153169,0.000300494
548,-0.000517055,-0.0153169,0.000300494
549,-0.000523055,-0.0153209,0.000306494
550,-0.000517055,-0.0153209,0.000306494
551,-0.000523055,-0.0153169,0.000306494
552,-0.000517055,-0.0153169,0.000306494
553,-0.000523055,-0.0153209,0.000306494
554,-0.000517055,-0.0153209,0.000306494
555,-0.000523055,-0.0153169,0.000306494
556,-0.000517055,-0.0153169,0.000306494
557,-0.000523055,-0.0153209,0.000312494
558,-0.000517055,-0.0153209,0.000312494
559,-0.000523055,-0.0153169,0.000312494
560,-0.000517055,-0.0153169,0.000312494
561,-0.000523055,-0.0153209,0.000312494
562,-0.000517055,-0.0153209,0.000312494
563,-0.000523055,-0.0153169,0.000312494
564,-0.000517055,-0.0153169,0.000312494
565,-0.000523055,-0.0153209,0.000318494
566,-0.000517055,-0.0153209,0.000318494
567,-0.000523055,-0.0153169,0.000318494
568,-0.000517055,-0.0153169,0.000318494
569,-0.000517055,-0.0153449,0.000294494
570,-0.000511055,-0.0153449,0.000294494
571,-0.000517055,-0.0153389,0.000294494
572,-0.000511055,-0.0153389,0.000294494
573,-0.000517055,-0.0153449,0.000300494
574,-0.000511055,-0.0153449,0.000300494
575,-0.000517055,-0.0153389,0.000300494
576,-0.000511055,-0.0153389,0.000300494
577,-0.000517055,-0.0153449,0.000300494
578,-0.000511055,-0.0153449,0.000300494
579,-0.000517055,-0.0153389,0.000300494
580,-0.000511055,-0.0153389,0.000300494
581,-0.000517055,-0.0153449,0.000306494
582,-0.000511055,-0.0153449,0.000306494
583,-0.000517055,-0.0153389,0.000306494
584,-0.000511055,-0.0153389,0.000306494
585,-0.000517055,-0.0153449,0.000306494
586,-0.000511055,-0.0153449,0.000306494
587,-0.000517055,-0.0153389,0.000306494
588,-0.000511055,-0.0153389,0.000306494
589,-0.000517055,-0.0153449,0.000312494
590,-0.000511055,-0.0153449,0.000312494
591,-0.000517055,-0.0153389,0.000312494
592,-0.000511055,-0.0153389,0.000312494
593,-0.000517055,-0.0153449,0.000312494
594,-0.000511055,-0.0153449,0.000312494
595,-0.000517055,-0.0153389,0.000312494
596,-0.000511055,-0.0153389,0.000312494
597,-0.000517055,-0.0153449,0.000318494
598,-0.000511055,-0.0153449,0.000318494
599,-0.000517055,-0.0153389,0.000318494
600,-0.000511055,-0.0153389,0.000318494
601,-0.000517055,-0.0153449,0.000318494
602,-0.000511055,-0.0153449,0.000318494
603,-0.000517055,-0.0153389,0.000318494
604,-0.000511055,-0.0153389,0.000318494
605,-0.000517055,-0.0153449,0.000324494
606,-0.000511055,-0.0153449,0.000324494
607,-0.000517055,-0.0153389,0.000324494
608,-0.000511055,-0.0153389,0.000324494
609,-0.000517055,-0.0153389,0.000294494
610,-0.000511055,-0.0153389,0.000294494
611,-0.000517055,-0.0153329,0.000294494
612,-0.000511055,-0.0153329,0.000294494
613,-0.000517055,-0.0153389,0.000300494
614,-0.000511055,-0.0153389,0.000300494
615,-0.000517055,-0.0153329,0.000300494
616,-0.000511055,-0.0153329,0.000300494
617,-0.000517055,-0.0153389,0.000300494
618,-0.000511055,-0.0153389,0.000300494
619,-0.000517055,-0.0153329,0.000300494
620,-0.000511055,-0.0153329,0.000300494
621,-0.000517055,-0.0153389,0.000306494
622,-0.000511055,-0.0153389,0.000306494
623,-0.000517055,-0.0153329,0.000306494
624,-0.000511055,-0.0153329,0.000306494
625,-0.000517055,-0.0153389,0.000306494
626,-0.000511055,-0.0153389,0.000306494
627,-0.000517055,-0.0153329,0.000306494
628,-0.000511055,-0.0153329,0.000306494
629,-0.000517055,-0.0153389,0.000312494
630,-0.000511055,-0.0153389,0.000312494
631,-0.000517055,-0.0153329,0.000312494
632,-0.000511055,-0.0153329,0.000312494
633,-0.000517055,-0.0153389,0.000312494
634,-0.000511055,-0.0153389,0.000312494
635,-0.000517055,-0.0153329,0.000312494
636,-0.000511055,-0.0153329,0.000312494
637,-0.000517055,-0.0153389,0.000318494
638,-0.000511055,-0.0153389,0.000318494
639,-0.000517055,-0.0153329,0.000318494
640,-0.000511055,-0.0153329,0.000318494
641,-0.000517055,-0.0153389,0.000318494
642,-0.000511055,-0.0153389,0.000318494
643,-0.000517055,-0.0153329,0.000318494
644,-0.000511055,-0.0153329,0.000318494
645,-0.000517055,-0.0153389,0.000324494
646,-0.000511055,-0.0153389,0.000324494
647,-0.000517055,-0.0153329,0.000324494
648,-0.000511055,-0.0153329,0.000324494
649,-0.000517055,-0.0153389,0.000324494
650,-0.000511055,-0.0153389,0.000324494
651,-0.000517055,-0.0153329,0.000324494
652,-0.000511055,-0.0153329,0.000324494
653,-0.000517055,-0.0153389,0.00032755
654,-0.000511055,-0.0153389,0.00032755
655,-0.000517055,-0.0153329,0.00032755
656,-0.000511055,-0.0153329,0.00032755
657,-0.000517055,-0.0153329,0.000294494
658,-0.000511055,-0.0153329,0.000294494
659,-0.000517055,-0.0153269,0.000294494
660,-0.000511055,-0.0153269,0.000294494
661,-0.000517055,-0.0153329,0.000300494
662,-0.000511055,-0.0153329,0.000300494
663,-0.000517055,-0.0153269,0.000300494
664,-0.000511055,-0.0153269,0.000300494
665,-0.000517055,-0.0153329,0.000300494
666,-0.000511055,-0.0153329,0.000300494
667,-0.000517055,-0.0153269,0.000300494
668,-0.000511055,-0.0153269,0.000300494
669,-0.000517055,-0.0153329,0.000306494
670,-0.000511055,-0.0153329,0.000306494
671,-0.000517055,-0.0153269,0.000306494
672,-0.000511055,-0.0153269,0.000306494
673,-0.000517055,-0.0153329,0.000306494
674,-0.000511055,-0.0153329,0.000306494
675,-0.000517055,-0.0153269,0.000306494
676,-0.000511055,-0.0153269,0.000306494
677,-0.000517055,-0.0153329,0.000312494
678,-0.000511055,-0.0153329,0.000312494
679,-0.000517055,-0.0153269,0.000312494
680,-0.000511055,-0.0153269,0.000312494
681,-0.000517055,-0.0153329,0.000312494
682,-0.000511055,-0.0153329,0.000312494
683,-0.000517055,-0.0153269,0.000312494
684,-0.000511055,-0.0153269,0.000312494
685,-0.000517055,-0.0153329,0.000318494
686,-0.000511055,-0.0153329,0.000318494
687,-0.000517055,-0.0153269,0.000318494
688,-0.000511055,-0.0153269,0.000318494
689,-0.000517055,-0.0153329,0.000318494
690,-0.000511055,-0.0153329,0.000318494
691,-0.000517055,-0.0153269,0.000318494
692,-0.000511055,-0.0153269,0.000318494
693,-0.000517055,-0.0153329,0.000324494
694,-0.000511055,-0.0153329,0.000324494
695,-0.000517055,-0.0153269,0.000324494
696,-0.000511055,-0.0153269,0.000324494
697,-0.000517055,-0.0153329,0.000324494
698,-0.000511055,-0.0153329,0.000324494
699,-0.000517055,-0.0153269,0.000324494
700,-0.000511055,-0.0153269,0.000324494
701,-0.000517055,-0.0153329,0.00032755
702,-0.000511055,-0.0153329,0.00032755
703,-0.000517055,-0.0153269,0.00032755
704,-0.000511055,-0.0153269,0.00032755
705,-0.000517055,-0.0153269,0.000294494
706,-0.000511055,-0.0153269,0.000294494
707,-0.000517055,-0.0153209,0.000294494
708,-0.000511055,-0.0153209,0.000294494
709,-0.000517055,-0.0153269,0.000300494
710,-0.000511055,-0.0153269,0.000300494
711,-0.000517055,-0.0153209,0.000300494
712,-0.000511055,-0.0153209,0.000300494
713,-0.000517055,-0.0153269,0.000300494
714,-0.000511055,-0.0153269,0.000300494
715,-0.000517055,-0.0153209,0.000300494
716,-0.000511055,-0.0153209,0.000300494
717,-0.000517055,-0.0153269,0.000306494
718,-0.000511055,-0.0153269,0.000306494
719,-0.000517055,-0.0153209,0.000306494
720,-0.000511055,-0.0153209,0.000306494
721,-0.000517055,-0.0153269,0.000306494
722,-0.000511055,-0.0153269,0.000306494
723,-0.000517055,-0.0153209,0.000306494
724,-0.000511055,-0.0153209,0.000306494
725,-0.000517055,-0.0153269,0.000312494
726,-0.000511055,-0.0153269,0.000312494
727,-0.000517055,-0.0153209,0.000312494
728,-0.000511055,-0.0153209,0.000312494
729,-0.000517055,-0.0153269,0.000312494
730,-0.000511055,-0.0153269,0.000312494
731,-0.000517055,-0.0153209,0.000312494
732,-0.000511055,-0.0153209,0.000312494
733,-0.000517055,-0.0153269,0.000318494
734,-0.000511055,-0.0153269,0.000318494
735,-0.000517055,-0.0153209,0.000318494
736,-0.000511055,-0.0153209,0.000318494
737,-0.000517055,-0.0153269,0.000318494
738,-0.000511055,-0.0153269,0.000318494
739,-0.000517055,-0.0153209,0.000318494
740,-0.000511055,-0.0153209,0.000318494
741,-0.000517055,-0.0153269,0.000324494
742,-0.000511055,-0.0153269,0.000324494
743,-0.000517055,-0.0153209,0.000324494
744,-0.000511055,-0.0153209,0.000324494
745,-0.000517055,-0.0153209,0.000300494
746,-0.000511055,-0.0153209,0.000300494
747,-0.000517055,-0.0153169,0.000300494
748,-0.000511055,-0.0153169,0.000300494
749,-0.000517055,-0.0153209,0.000306494
750,-0.000511055,-0.0153209,0.000306494
751,-0.000517055,-0.0153169,0.000306494
752,-0.000511055,-0.0153169,0.000306494
753,-0.000517055,-0.0153209,0.000306494
754,-0.000511055,-0.0153209,0.000306494
755,-0.000517055,-0.0153169,0.000306494
756,-0.000511055,-0.0153169,0.000306494
757,-0.000517055,-0.0153209,0.000312494
758,-0.000511055,-0.0153209,0.000312494
759,-0.000517055,-0.0153169,0.000312494
760,-0.000511055,-0.0153169,0.000312494
761,-0.000511055,-0.0153449,0.000300494
762,-0.000510013,-0.0153449,0.000300494
763,-0.000511055,-0.0153389,0.000300494
764,-0.000510013,-0.0153389,0.000300494
765,-0.000511055,-0.0153449,0.000306494
766,-0.000510013,-0.0153449,0.000306494
767,-0.000511055,-0.0153389,0.000306494
768,-0.000510013,-0.0153389,0.000306494
769,-0.000511055,-0.0153449,0.000306494
770,-0.000510013,-0.0153449,0.000306494
771,-0.000511055,-0.0153389,0.000306494
772,-0.000510013,-0.0153389,0.000306494
773,-0.000511055,-0.0153449,0.000312494
774,-0.000510013,-0.0153449,0.000312494
775,-0.000511055,-0.0153389,0.000312494
776,-0.000510013,-0.0153389,0.000312494
777,-0.000511055,-0.0153449,0.000312494
778,-0.000510013,-0.0153449,0.000312494
779,-0.000511055,-0.0153389,0.000312494
780,-0.000510013,-0.0153389,0.000312494
781,-0.000511055,-0.0153449,0.000318494
782,-0.000510013,-0.0153449,0.000318494
783,-0.000511055,-0.0153389,0.000318494
784,-0.000510013,-0.0153389,0.000318494
785,-0.000511055,-0.0153389,0.000300494
786,-0.000510013,-0.0153389,0.000300494
787,-0.000511055,-0.0153329,0.000300494
788,-0.000510013,-0.0153329,0.000300494
789,-0.000511055,-0.0153389,0.000306494
790,-0.000510013,-0.0153389,0.000306494
791,-0.000511055,-0.0153329,0.000306494
792,-0.000510013,-0.0153329,0.000306494
793,-0.000511055,-0.0153389,0.000306494
794,-0.000510013,-0.0153389,0.000306494
795,-0.000511055,-0.0153329,0.000306494
796,-0.000510013,-0.0153329,0.000306494
797,-0.000511055,-0.0153389,0.000312494
798,-0.000510013,-0.0153389,0.000312494
799,-0.000511055,-0.0153329,0.000312494
800,-0.000510013,-0.0153329,0.000312494
801,-0.000511055,-0.0153389,0.000312494
802,-0.000510013,-0.0153389,0.000312494
803,-0.000511055,-0.0153329,0.000312494
804,-0.000510013,-0.0153329,0.000312494
805,-0.000511055,-0.0153389,0.000318494
806,-0.000510013,-0.0153389,0.000318494
807,-0.000511055,-0.0153329,0.000318494
808,-0.000510013,-0.0153329,0.000318494
809,-0.000511055,-0.0153389,0.000318494
810,-0.000510013,-0.0153389,0.000318494
811,-0.000511055,-0.0153329,0.000318494
812,-0.000510013,-0.0153329,0.000318494
813,-0.000511055,-0.0153389,0.000324494
814,-0.000510013,-0.0153389,0.000324494
815,-0.000511055,-0.0153329,0.000324494
816,-0.000510013,-0.0153329,0.000324494
817,-0.000511055,-0.0153329,0.000300494
818,-0.000510013,-0.0153329,0.000300494
819,-0.000511055,-0.0153269,0.000300494
820,-0.000510013,-0.0153269,0.000300494
821,-0.000511055,-0.0153329,0.000306494
822,-0.000510013,-0.0153329,0.000306494
823,-0.000511055,-0.0153269,0.000306494
824,-0.000510013,-0.0153269,0.000306494
825,-0.000511055,-0.0153329,0.000306494
826,-0.000510013,-0.0153329,0.000306494
827,-0.000511055,-0.0153269,0.000306494
828,-0.000510013,-0.0153269,0.000306494
829,-0.000511055,-0.0153329,0.000312494
830,-0.000510013,-0.0153329,0.000312494
831,-0.000511055,-0.0153269,0.000312494
832,-0.000510013,-0.0153269,0.000312494
833,-0.000511055,-0.0153329,0.000312494
834,-0.000510013,-0.0153329,0.000312494
835,-0.000511055,-0.0153269,0.000312494
836,-0.000510013,-0.0153269,0.000312494
837,-0.000511055,-0.0153329,0.000318494
838,-0.000510013,-0.0153329,0.000318494
839,-0.000511055,-0.0153269,0.000318494
840,-0.000510013,-0.0153269,0.000318494
841,-0.000511055,-0.0153329,0.000318494
842,-0.000510013,-0.0153329,0.000318494
843,-0.000511055,-0.0153269,0.000318494
844,-0.000510013,-0.0153269,0.000318494
845,-0.000511055,-0.0153329,0.000324494
846,-0.000510013,-0.0153329,0.000324494
847,-0.000511055,-0.0153269,0.000324494
848,-0.000510013,-0.0153269,0.000324494
849,-0.000511055,-0.0153269,0.000306494
850,-0.000510013,-0.0153269,0.000306494
851,-0.000511055,-0.0153209,0.000306494
852,-0.000510013,-0.0153209,0.000306494
853,-0.000511055,-0.0153269,0.000312494
854,-0.000510013,-0.0153269,0.000312494
855,-0.000511055,-0.0153209,0.000312494
856,-0.000510013,-0.0153209,0.000312494
857,-0.000511055,-0.0153269,0.000312494
858,-0.000510013,-0.0153269,0.000312494
859,-0.000511055,-0.0153209,0.000312494
860,-0.000510013,-0.0153209,0.000312494
861,-0.000511055,-0.0153269,0.000318494
862,-0.000510013,-0.0153269,0.000318494
863,-0.000511055,-0.0153209,0.000318494
864,-0.000510013,-0.0153209,0.000318494
865,-0.000511055,-0.0153269,0.000318494
866,-0.000510013,-0.0153269,0.000318494
867,-0.000511055,-0.0153209,0.000318494
868,-0.000510013,-0.0153209,0.000318494
869,-0.000511055,-0.0153269,0.000324494
870,-0.000510013,-0.0153269,0.000324494
871,-0.000511055,-0.0153209,0.000324494
872,-0.000510013,-0.0153209,0.000324494
